source_id,source_name,source_website
S001,World Health Organization,https://covid19.who.int/
S002,Ministry of Health,https://shendetesia.gov.al/vaksinimi-anticovid-kryhen-880912-vaksinime/
S003,Ministry of Health,https://english.aawsat.com/home/article/3013471/muslim-brotherhood-parties-hope-sweep-algeria-elections
S004,Government of Andorra,https://www.govern.ad/covid19_newsletter/
S005,Ministry of Health,https://covid19.gov.ag
S006,Ministry of Health,http://datos.salud.gob.ar/dataset/vacunas-contra-covid-19-dosis-aplicadas-en-la-republica-argentina
S007,Ministry of Health,https://www.panarmenian.net/eng/news/293562/Over_55000_Covid_vaccine_doses_administered_in_Armenia
S008,Government of Aruba,https://www.government.aw
S009,Government of Australia via covidlive.com.au,https://covidlive.com.au/vaccinations
S010,Ministry of Health,https://info.gesundheitsministerium.gv.at/opendata/
S011,Government of Azerbaijan,https://koronavirusinfo.az
S012,Government of the Bahamas,https://www.facebook.com/opmbs/photos/a.138602006861785/832605630794749/
S013,Ministry of Health,https://healthalert.gov.bh/en/
S014,Directorate General of Health Services,http://103.247.238.92/webportal/pages/covid19-vaccination-update.php
S015,Ministry of Health,https://www.facebook.com/moh.barbados/photos/a.768944336470972/4303800389651998/
S016,Sciensano,https://epistat.wiv-isp.be/covid/
S017,Ministry of Health,https://www.facebook.com/Belizehealth/photos/a.1410495949248816/2708178559480542/
S018,Ministry of Health,https://covid19.who.int/
S019,Government of Bermuda,https://bernews.com/2021/06/june1520215-30pm-video-govt-covid-19-press-conference/
S020,World Health Organization,https://www.facebook.com/MoHBhutan/photos/a.999012646827018/4203792293015688/
S021,Ministry of Health,https://www.boliviasegura.gob.bo/index.php/category/estadistica/
S022,Public Health Institute,https://www.faktor.ba/vijest/novalic-potpisan-ugovor-za-nabavku-500000-doza-vakcina-sinofarm/128063
S023,Ministry of Health and Wellness,https://twitter.com/BWGovernment/status/1403023571757277192
S024,Ministry of Health,https://qsprod.saude.gov.br/extensions/DEMAS_C19Vacina/DEMAS_C19Vacina.html
S025,Ministry of Health,https://www.facebook.com/MOHBrunei/photos/pcb.3892198150908522/3892198100908527/
S026,Ministry of Health,https://coronavirus.bg/bg/statistika
S027,Ministry of Health,https://www.facebook.com/MinistryofHealthofCambodia/posts/4136652739707134
S028,Official data from provinces via covid19tracker.ca,https://covid19tracker.ca/vaccinationtracker.html
S029,Cayman Islands Government,https://www.exploregov.ky/coronavirus-statistics
S030,Department of Statistics and Health Information via github.com/juancri/covid19-vaccination,https://www.gob.cl/yomevacuno/
S031,National Health Commission,http://www.nhc.gov.cn/xcs/yqjzqk/202106/ddd7b535796040ed8b86f9e34fd218bb.shtml
S032,Ministry of Health,https://docs.google.com/spreadsheets/d/1eblBeozGn1soDGXbOIicwyEDkUqNMzzpJoAKw84TTA4
S033,SPC Public Health Division,https://stats.pacificdata.org/vis?tm=covid&pg=0&df[ds]=SPC2&df[id]=DF_COVID_VACCINATION&df[ag]=SPC&df[vs]=1.0
S034,Costa Rican Social Security Fund,https://www.ccss.sa.cr/web/coronavirus/vacunacion
S035,Ministry of Health and Public Hygiene,https://www.facebook.com/mshpcmu/posts/1932855310213487
S036,Ministry of Health,https://www.koronavirus.hr
S037,Ministry of Health,https://salud.msp.gob.cu/actualizacion-de-la-vacunacion-en-el-marco-de-los-estudios-de-los-candidatos-vacunales-cubanos-y-la-intervencion-sanitaria/
S038,Government of Curacao,https://bakuna.cw/
S039,Ministry of Health,https://www.moh.gov.cy/moh/moh.nsf/All/0EFA027144C9E54AC22586BE0032B2F5
S040,Ministry of Health,https://onemocneni-aktualne.mzcr.cz/covid-19
S041,Statens Serum Institute,https://covid19.ssi.dk/overvagningsdata/download-fil-med-vaccinationsdata
S042,Government of Dominica,https://dominica.gov.dm/images/coronavirus/June_14-th-Dominica-coronavirus-update.jpg
S043,Ministry of Public Health,https://vacunate.gob.do/
S044,Government of Ecuador via Ecuacovid,https://github.com/andrab/ecuacovid
S045,Ministry of Health,https://covid19.gob.sv/
S046,Government of the United Kingdom,https://coronavirus.data.gov.uk/details/healthcare
S047,Ministry of Health,https://guineasalud.org/estadisticas/
S048,National Health Board,https://opendata.digilugu.ee
S049,Government of Eswatini,https://twitter.com/EswatiniGovern1/status/1392874186671075331
S050,Ministry of Health,https://twitter.com/FMoHealth/status/1405944478603546626
S051,Government of the Faeroe Islands,https://corona.fo/api
S052,Government of the Falkland Islands,https://www.facebook.com/FalkIandsGov/posts/4401230323224594
S053,Finnish Institute for Health and Welfare,https://sampo.thl.fi/pivot/prod/en/vaccreg/cov19cov/fact_cov19cov?column=measure-533185.533172.433796.533175&row=cov_vac_dose-533174L
S054,Public Health France,https://www.data.gouv.fr/fr/datasets/donnees-relatives-aux-personnes-vaccinees-contre-la-covid-19-1/
S055,Ministry of Health,https://monitoring-covid19gabon.ga/
S056,Government of Georgia,https://www.facebook.com/ncdcgeorgia/photos/a.126526410768631/4101512559936643/
S057,Robert Koch Institut,https://impfdashboard.de/
S058,Government of Gibraltar,https://twitter.com/GibraltarGov/status/1403686370242084865
S059,Ministry of Health,https://www.data.gov.gr/datasets/mdg_emvolio/
S060,Government of Greenland,https://corona.nun.gl/emner/statistik/antal_vaccinerede
S061,Ministry of Health,https://gtmvigilanciacovid.shinyapps.io/3869aac0fb95d6baf2c80f19f2da5f98
S062,Government of Guernsey,https://covid19.gov.gg/guidance/vaccine/stats
S063,National Health Security Agency,https://twitter.com/anss_guinee/status/1405791824778825734
S064,Ministry of Health,https://www.facebook.com/mohguyana/posts/2625908887712641
S065,Government of Hong Kong,https://www.covidvaccine.gov.hk/en/dashboard
S066,Government of Hungary,https://koronavirus.gov.hu//cikkek/5-millio-411-ezer-beoltott-202-az-uj-fertozott-elhunyt-9-beteg
S067,Directorate of Health,https://www.covid.is/tolulegar-upplysingar-boluefni
S068,Government of India,https://dashboard.cowin.gov.in/
S069,Ministry of Health,https://vaksin.kemkes.go.id/#/vaccines
S070,Heath Service Executive,https://covid19.who.int/
S071,Isle of Man Government,https://covid19.gov.im/general-information/covid-19-vaccination-statistics/
S072,Government of Israel,https://datadashboard.health.gov.il/COVID-19/general
S073,Extraordinary commissioner for the Covid-19 emergency,https://raw.githubusercontent.com/italia/covid19-opendata-vaccini/master/dati/somministrazioni-vaccini-latest.csv
S074,Prime Minister's Office,https://www.kantei.go.jp/jp/headline/kansensho/vaccine.html
S075,Government of Jersey,https://www.gov.je/Datasets/ListOpenData?ListName=COVID19Weekly&clean=true
S076,Government of Jordan,https://corona.moh.gov.jo/ar
S077,Government of Kazakhstan,https://www.coronavirus2020.kz/
S078,Ministry of Health,https://twitter.com/MOH_Kenya/status/1406627604132773892
S079,Ministry of Health,https://www.facebook.com/Ministria.Shendetesise.RKS/posts/2019880388169538
S080,Ministry of Health,https://www.arabtimesonline.com/news/72-4-population-vaccinated-in-kuwait/
S081,Ministry of Health,"https://akipress.com/news:659241:Kyrgyzstan_vaccinates_over_88,000_against_COVID-19/"
S082,Government of Laos,https://www.facebook.com/CIEH.MoH.Lao/photos/a.1580136645344357/4352313321459995/
S083,National Health Service,https://data.gov.lv/dati/eng/dataset/covid19-vakcinacijas
S084,Government of Lebanon,https://impact.cib.gov.lb/home/dashboard/vaccine
S085,Federal Office of Public Health,https://www.covid19.admin.ch/en/epidemiologic/vacc-doses?detGeo=FL
S086,Ministry of Health,https://experience.arcgis.com/experience/cab84dcfe0464c2a8050a78f817924ca/page/page_3/
S087,Government of Luxembourg,https://covid19.public.lu/fr.html
S088,Government of Macao,https://www.gov.mo/zh-hant/news/514196/
S089,Ministry of Health,https://twitter.com/health_malawi/status/1406256759174533135
S090,Government of Malaysia,https://www.vaksincovid.gov.my/statistik/
S091,Presidency of the Maldives,https://twitter.com/HPA_MV/status/1406663443378176003
S092,COVID-19 Malta Public Health Response Team,https://github.com/COVID19-Malta/COVID19-Cases
S093,Secretary of Health,https://www.gob.mx/cms/uploads/attachment/file/647167/2021.06.20_17h00_ComunicadoTecnicoDiario_Covid19.pdf
S094,Ministry of Health,https://vaccinare.gov.md/
S095,National Council,https://www.gouv.mc//Action-Gouvernementale/Coronavirus-Covid-19/Actualites/Covid-19-quatre-nouveaux-cas-positifs-ce-vendredi-11-juin
S096,Ministry of Health via ikon.mn,https://ikon.mn/
S097,Government of Montenegro,https://www.covidodgovor.me/
S098,Ministry of Health,http://www.covidmaroc.ma/pages/Accueilfr.aspx
S099,Ministry of Health and Social Services,https://www.facebook.com/MoHSSNamibia/photos/a.500006330672375/766186130721059/
S100,Government of Nepal,https://covid19.mohp.gov.np/covid/englishSituationReport/60cdcbdabc01a_SitRep496_COVID-19_19-06-2021_EN.pdf
S101,RIVM via European CDC,https://www.ecdc.europa.eu/en/publications-data/data-covid-19-vaccination-eu-eea
S102,Ministry of Health,https://www.health.govt.nz/our-work/diseases-and-conditions/covid-19-novel-coronavirus/covid-19-data-and-statistics/covid-19-vaccine-data
S103,Government of Nigeria,https://twitter.com/NphcdaNG/status/1400875651012378627
S104,Government of North Macedonia,https://twitter.com/ZdravstvoMK/status/1405859988455710725
S105,Ministry of Health,https://asibilgisistemi.com/
S106,Norwegian Institute of Public Health,https://www.fhi.no/sv/vaksine/koronavaksinasjonsprogrammet/koronavaksinasjonsstatistikk/
S107,World Health Organization,https://www.euronews.com/2021/06/18/us-health-coronavirus-oman
S108,National Command and Operation Centre,https://ncoc.gov.pk/covid-vaccination-en.php
S109,Ministry of Health,https://www.facebook.com/mohps/posts/3906688689456980
S110,Ministry of Health,https://twitter.com/MINSAPma/status/1406448055692541952
S111,Government of Paraguay,https://www.vacunate.gov.py/index-listado-vacunados.html
S112,Ministry of Health,https://www.datosabiertos.gob.pe/dataset/vacunaci%C3%B3n-contra-covid-19-ministerio-de-salud-minsa
S113,Government of the Philippines,https://www.facebook.com/102042448125024/posts/336064938056106/
S114,Ministry of Health,https://www.gov.pl/web/szczepimysie/raport-szczepien-przeciwko-covid-19
S115,Directorate General for Health via Data Science for Social Good,https://github.com/dssg-pt/covid19pt-data
S116,Ministry of Public Health,https://covid19.moph.gov.qa/EN/Pages/Vaccination-Program-Data.aspx
S117,Government of Romania via datelazi.ro,https://datelazi.ro/
S118,Official data from local governments via gogov.ru,https://gogov.ru/articles/covid-v-stats
S119,World Health Organization,https://twitter.com/RwandaHealth/status/1401629373824917514
S120,Government of Saint Helena,https://www.sainthelena.gov.sh/2021/news/preliminary-data-from-the-covid-19-vaccination-programme/
S121,Government of Saint Kitts and Nevis,https://www.facebook.com/StKittsHPU/photos/a.158729094910938/934309337352906/
S122,Ministry of Health,https://www.covid19response.lc/
S123,Ministry of Health,https://www.facebook.com/SVGHEALTH/photos/a.460089407384821/4581707335222987
S124,Social Security Institute,https://vaccinocovid.iss.sm/
S125,Saudi Health Council,https://covid19.moh.gov.sa/
S126,Government of Serbia,https://vakcinacija.gov.rs/
S127,Extended Programme for Immunisation,https://www.youtube.com/watch?v=8kSdOu5QEiw&ab_channel=SBC
S128,Ministry of Health,https://www.moh.gov.sg/covid-19
S129,Ministry of Health,https://github.com/Institut-Zdravotnych-Analyz/covid19-data
S130,National Institute of Public Health via covid-19.sledilnik.org,https://covid-19.sledilnik.org/en/stats
S131,Ministry of Health,https://sacoronavirus.co.za/latest-vaccine-statistics/
S132,Korea Centers for Disease Control and Prevention,http://www.kdca.go.kr/board/board.es?mid=a20501010000&bid=0015&list_no=713723&cg_code=&act=view&nPage=1
S133,Ministry of Health,https://www.mscbs.gob.es/profesionales/saludPublica/ccayes/alertasActual/nCov/documentos/Informe_Comunicacion_20210618.ods
S134,Ministry of Health's Epidemiology Unit,https://www.epid.gov.lk/web/images/pdf/corona_virus_report/sitrep-sl-en-20-06_10_21_1.pdf
S135,Government of Suriname,https://laatjevaccineren.sr/
S136,Public Health Agency of Sweden,https://www.folkhalsomyndigheten.se/smittskydd-beredskap/utbrott/aktuella-utbrott/covid-19/vaccination-mot-covid-19/statistik/statistik-over-registrerade-vaccinationer-covid-19/
S137,Federal Office of Public Health,https://www.covid19.admin.ch/en/epidemiologic/vacc-doses?detGeo=CH
S138,Taiwan Centers for Disease Control,https://www.cdc.gov.tw/Category/Page/9jFXNbCe-sFK9EImRRi2Og
S139,Government of Thailand,https://ddc.moph.go.th/uploads/ckeditor2//files/Daily%20report%202021-06-20.pdf
S140,Ministry of Health,https://experience.arcgis.com/experience/59226cacd2b441c7a939dca13f832112/
S141,Ministry of Health,https://www.facebook.com/santetunisie.rns.tn/posts/4242069875832084
S142,COVID-19 Vaccine Information Platform,https://covid19asi.saglik.gov.tr/
S143,Ministry of Health,https://twitter.com/MinofHealthUG/status/1405877584370483203
S144,Ministry of Health,https://vaccination.covid19.gov.ua/
S145,National Emergency Crisis and Disaster Management Authority,http://covid19.ncema.gov.ae/en
S146,Centers for Disease Control and Prevention,https://covid.cdc.gov/covid-data-tracker/COVIDData/getAjaxData?id=vaccination_data
S147,Ministry of Health via vacuna.uy,https://monitor.uruguaysevacuna.gub.uy/
S148,Government of Uzbekistan,https://akipress.com/news:659485:Uzbekistan_vaccinates_over_1_623_million_against_COVID-19/
S149,Government of Venezuela,https://ais.paho.org/imm/IM_DosisAdmin-Vacunacion.asp
S150,Government of Vietnam,https://suckhoedoisong.vn/sang-21-6-them-47-ca-mac-covid-19-viet-nam-ghi-nhan-tong-cong-13258-benh-nhan-n195481.html
S151,Government of Zambia,https://www.facebook.com/mohzambia/posts/1933861003455214
S152,Ministry of Health,https://twitter.com/MoHCCZim/status/1406690528482279424
